Código COMPE;Banco;Nome Completo;ISPB;Site
93;POLOCRED SCMEPP LTDA.;PÓLOCRED   SOCIEDADE DE CRÉDITO AO MICROEMPREENDEDOR E À EMPRESA DE PEQUENO PORT;07945233;
141;MASTER BI S.A.;BANCO MASTER DE INVESTIMENTO S.A.;09526594;
307;TERRA INVESTIMENTOS DTVM;Terra Investimentos Distribuidora de Títulos e Valores Mobiliários Ltda.;03751794;
311;DOURADA CORRETORA;DOURADA CORRETORA DE CÂMBIO LTDA.;76641497;
312;HSCM SCMEPP LTDA.;HSCM - SOCIEDADE DE CRÉDITO AO MICROEMPREENDEDOR E À EMPRESA DE PEQUENO PORTE LT;07693858;
328;CECM FABRIC CALÇADOS SAPIRANGA;COOPERATIVA DE ECONOMIA E CRÉDITO MÚTUO DOS FABRICANTES DE CALÇADOS DE SAPIRANGA;05841967;
334;BANCO BESA S.A.;BANCO BESA S.A.;15124464;
350;CREHNOR LARANJEIRAS;COOPERATIVA DE CRÉDITO RURAL DE PEQUENOS AGRICULTORES E DA REFORMA AGRÁRIA DO CE;01330387;
358;MIDWAY S.A. - SCFI;MIDWAY S.A. - CRÉDITO, FINANCIAMENTO E INVESTIMENTO;09464032;
360;TRINUS CAPITAL DTVM;TRINUS CAPITAL DISTRIBUIDORA DE TÍTULOS E VALORES MOBILIÁRIOS S.A.;02276653;
371;WARREN CVMC LTDA;WARREN CORRETORA DE VALORES MOBILIÁRIOS E CÂMBIO LTDA.;92875780;
377;BMS SCD S.A.;BMS SOCIEDADE DE CRÉDITO DIRETO S.A.;17826860;
379;CECM COOPERFORTE;COOPERFORTE - COOPERATIVA DE ECONOMIA E CRÉDITO MÚTUO DE FUNCIONÁRIOS DE INSTITU;01658426;
382;FIDUCIA SCMEPP LTDA;FIDÚCIA SOCIEDADE DE CRÉDITO AO MICROEMPREENDEDOR E À EMPRESA DE PEQUENO PORTE L;04307598;
383;EBANX IP LTDA.;EBANX INSTITUICAO DE PAGAMENTOS LTDA.;21018182;
385;CECM DOS TRAB.PORT. DA G.VITOR;COOPERATIVA DE ECONOMIA E CREDITO MUTUO DOS TRABALHADORES PORTUARIOS DA GRANDE V;03844699;
395;F D GOLD DTVM LTDA;F.D'GOLD - DISTRIBUIDORA DE TÍTULOS E VALORES MOBILIÁRIOS LTDA.;08673569;
398;IDEAL CTVM S.A.;IDEAL CORRETORA DE TÍTULOS E VALORES MOBILIÁRIOS S.A.;31749596;
400;COOP CREDITAG;COOPERATIVA DE CRÉDITO, POUPANÇA E SERVIÇOS FINANCEIROS DO CENTRO OESTE - CREDIT;05491616;
401;IUGU IP S.A.;IUGU INSTITUIÇÃO DE PAGAMENTO S.A.;15111975;
406;ACCREDITO SCD S.A.;ACCREDITO - SOCIEDADE DE CRÉDITO DIRETO S.A.;37715993;
407;ÍNDIGO INVESTIMENTOS DTVM LTDA.;ÍNDIGO INVESTIMENTOS DISTRIBUIDORA DE TÍTULOS E VALORES MOBILIÁRIOS LTDA.;00329598;
410;PLANNER SOCIEDADE DE CRÉDITO DIRETO;PLANNER SOCIEDADE DE CRÉDITO DIRETO S.A.;05684234;
411;VIA CERTA FINANCIADORA S.A. - CFI;Via Certa Financiadora S.A. - Crédito, Financiamento e Investimentos;05192316;
413;BCO BV S.A.;BANCO BV S.A.;01858774;
414;LEND SCD S.A.;LEND SOCIEDADE DE CRÉDITO DIRETO S.A.;37526080;
416;LAMARA SCD S.A.;LAMARA SOCIEDADE DE CRÉDITO DIRETO S.A.;19324634;
418;ZIPDIN SCD S.A.;ZIPDIN SOLUÇÕES DIGITAIS SOCIEDADE DE CRÉDITO DIRETO S/A;37414009;
419;NUMBRS SCD S.A.;NUMBRS SOCIEDADE DE CRÉDITO DIRETO S.A.;38129006;
421;CC LAR CREDI;LAR COOPERATIVA DE CRÉDITO - LAR CREDI;39343350;
423;COLUNA S.A. DTVM;COLUNA S/A DISTRIBUIDORA DE TITULOS E VALORES MOBILIÁRIOS;00460065;
425;SOCINAL S.A. CFI;SOCINAL S.A. - CRÉDITO, FINANCIAMENTO E INVESTIMENTO;03881423;
426;NEON FINANCEIRA - CFI S.A.;NEON FINANCEIRA - CRÉDITO, FINANCIAMENTO E INVESTIMENTO S.A.;11285104;
427;CRED-UFES;COOPERATIVA DE CREDITO DOS SERVIDORES DA UNIVERSIDADE FEDERAL DO ESPIRITO SANTO;27302181;
428;CREDSYSTEM SCD S.A.;CREDSYSTEM SOCIEDADE DE CRÉDITO DIRETO S.A.;39664698;
429;CREDIARE CFI S.A.;Crediare S.A. - Crédito, financiamento e investimento;05676026;
430;CCR SEARA;COOPERATIVA DE CREDITO RURAL SEARA - CREDISEARA;00204963;
433;BR-CAPITAL DTVM S.A.;BR-CAPITAL DISTRIBUIDORA DE TÍTULOS E VALORES MOBILIÁRIOS S.A.;44077014;
435;DELCRED SCD S.A.;DELCRED SOCIEDADE DE CRÉDITO DIRETO S.A.;38224857;
438;TRUSTEE DTVM LTDA.;TRUSTEE DISTRIBUIDORA DE TÍTULOS E VALORES MOBILIÁRIOS LTDA.;67030395;
439;ID CTVM;ID CORRETORA DE TÍTULOS E VALORES MOBILIÁRIOS S.A.;16695922;
440;CREDIBRF COOP;CREDIBRF - COOPERATIVA DE CRÉDITO;82096447;
442;MAGNETIS - DTVM;MAGNETIS - DISTRIBUIDORA DE TÍTULOS E VALORES MOBILIÁRIOS LTDA;87963450;
443;CREDIHOME SCD;CREDIHOME SOCIEDADE DE CRÉDITO DIRETO S.A.;39416705;
444;TRINUS SCD S.A.;TRINUS SOCIEDADE DE CRÉDITO DIRETO S.A.;40654622;
445;PLANTAE CFI;PLANTAE S.A. - CRÉDITO, FINANCIAMENTO E INVESTIMENTO;35551187;
447;MIRAE ASSET CCTVM LTDA;MIRAE ASSET WEALTH MANAGEMENT (BRAZIL) CORRETORA DE CÂMBIO, TÍTULOS E VALORES MO;12392983;
448;HEMERA DTVM LTDA.;HEMERA DISTRIBUIDORA DE TÍTULOS E VALORES MOBILIÁRIOS LTDA.;39669186;
449;DM;DM SOCIEDADE DE CRÉDITO DIRETO S.A.;37555231;
450;FITBANK IP;FITBANK INSTITUIÇÃO DE PAGAMENTOS ELETRÔNICOS S.A.;13203354;
451;J17 - SCD S/A;J17 - SOCIEDADE DE CRÉDITO DIRETO S/A;40475846;
452;CREDIFIT SCD S.A.;CREDIFIT SOCIEDADE DE CRÉDITO DIRETO S.A.;39676772;
454;MÉRITO DTVM LTDA.;MÉRITO DISTRIBUIDORA DE TÍTULOS E VALORES MOBILIÁRIOS LTDA.;41592532;
455;FÊNIX DTVM LTDA.;FÊNIX DISTRIBUIDORA DE TÍTULOS E VALORES MOBILIÁRIOS LTDA.;38429045;
457;UY3 SCD S/A;UY3 SOCIEDADE DE CRÉDITO DIRETO S/A;39587424;
458;HEDGE INVESTMENTS DTVM LTDA.;HEDGE INVESTMENTS DISTRIBUIDORA DE TÍTULOS E VALORES MOBILIÁRIOS LTDA.;07253654;
459;CCM SERV. PÚBLICOS SP;COOPERATIVA DE CRÉDITO MÚTUO DE SERVIDORES PÚBLICOS DO ESTADO DE SÃO PAULO - CRE;04546162;
460;UNAVANTI SCD S/A;UNAVANTI SOCIEDADE DE CRÉDITO DIRETO S/A;42047025;
461;ASAAS IP S.A.;ASAAS GESTÃO FINANCEIRA INSTITUIÇÃO DE PAGAMENTO S.A.;19540550;
462;STARK SCD S.A.;STARK SOCIEDADE DE CRÉDITO DIRETO S.A.;39908427;
463;AZUMI DTVM;AZUMI DISTRIBUIDORA DE TíTULOS E VALORES MOBILIáRIOS LTDA.;40434681;
465;CAPITAL CONSIG SCD S.A.;CAPITAL CONSIG SOCIEDADE DE CRÉDITO DIRETO S.A.;40083667;
467;MASTER S/A CCTVM;MASTER S/A CORRETORA DE CâMBIO, TíTULOS E VALORES MOBILIáRIOS;33886862;
468;PORTOSEG S.A. CFI;PORTOSEG S.A. - CREDITO, FINANCIAMENTO E INVESTIMENTO;04862600;
469;LIGA INVEST DTVM LTDA.;LIGA INVEST DISTRIBUIDORA DE TÍTULOS E VALORES MOBILIÁRIOS LTDA;07138049;
470;CDC SCD S.A.;CDC SOCIEDADE DE CRÉDITO DIRETO S.A.;18394228;
471;CECM SERV PUBL PINHÃO;COOPERATIVA DE ECONOMIA E CREDITO MUTUO DOS SERVIDORES PUBLICOS DE PINHÃO - CRES;04831810;
475;BCO YAMAHA MOTOR S.A.;Banco Yamaha Motor do Brasil S.A.;10371492;
478;GAZINCRED S.A. SCFI;GAZINCRED S.A. SOCIEDADE DE CRÉDITO, FINANCIAMENTO E INVESTIMENTO;11760553;
481;SUPERLÓGICA SCD S.A.;SUPERLÓGICA SOCIEDADE DE CRÉDITO DIRETO S.A.;43599047;
482;SBCASH SCD;SBCASH SOCIEDADE DE CRÉDITO DIRETO S.A.;42259084;
484;MAF DTVM SA;MAF DISTRIBUIDORA DE TÍTULOS E VALORES MOBILIÁRIOS S.A.;36864992;
506;RJI;RJI CORRETORA DE TITULOS E VALORES MOBILIARIOS LTDA;42066258;
507;SCFI EFÍ S.A.;SOCIEDADE DE CRÉDITO, FINANCIAMENTO E INVESTIMENTO EFÍ S.A.;37229413;
508;AVENUE SECURITIES DTVM LTDA.;AVENUE SECURITIES DISTRIBUIDORA DE TÍTULOS E VALORES MOBILIÁRIOS LTDA.;61384004;
509;CELCOIN IP S.A.;CELCOIN INSTITUICAO DE PAGAMENTO S.A.;13935893;
510;FFCRED SCD S.A.;FFCRED SOCIEDADE DE CRÉDITO DIRETO S.A..;39738065;
511;MAGNUM SCD;MAGNUM SOCIEDADE DE CRÉDITO DIRETO S.A.;44683140;
512;FINVEST DTVM;FINVEST DISTRIBUIDORA DE TÍTULOS E VALORES MOBILIÁRIOS LTDA.;36266751;
513;ATF CREDIT SCD S.A.;ATF CREDIT SOCIEDADE DE CRÉDITO DIRETO S.A.;44728700;
516;QISTA S.A. CFI;QISTA S.A. - CRÉDITO, FINANCIAMENTO E INVESTIMENTO;36583700;
518;MERCADO CRÉDITO SCFI S.A.;MERCADO CRÉDITO SOCIEDADE DE CRÉDITO, FINANCIAMENTO E INVESTIMENTO S.A.;37679449;
519;LIONS TRUST DTVM;LIONS TRUST DISTRIBUIDORA DE TÍTULOS E VALORES MOBILIÁRIOS LTDA.;40768766;
521;PEAK SEP S.A.;PEAK SOCIEDADE DE EMPRÉSTIMO ENTRE PESSOAS S.A.;44019481;
522;RED SCD S.A.;RED SOCIEDADE DE CRÉDITO DIRETO S.A.;47593544;
523;HR DIGITAL SCD;HR DIGITAL - SOCIEDADE DE CRÉDITO DIRETO S/A;44292580;
524;WNT CAPITAL DTVM;WNT CAPITAL DISTRIBUIDORA DE TÍTULOS E VALORES MOBILIÁRIOS S.A.;45854066;
525;INTERCAM CC LTDA;INTERCAM CORRETORA DE CÂMBIO LTDA.;34265629;
526;MONETARIE SCD;MONETARIE SOCIEDADE DE CRÉDITO DIRETO S.A.;46026562;
527;ATICCA SCD S.A.;ATICCA - SOCIEDADE DE CRÉDITO DIRETO S.A.;44478623;
528;REAG DTVM S.A.;REAG DISTRIBUIDORA DE TÍTULOS E VALORES MOBILIÁRIOS S.A.;34829992;
529;PINBANK IP;PINBANK BRASIL INSTITUIÇÃO DE PAGAMENTO S.A.;17079937;
530;SER FINANCE SCD S.A.;SER FINANCE SOCIEDADE DE CRÉDITO DIRETO S.A.;47873449;
532;EAGLE SCD S.A.;EAGLE SOCIEDADE DE CRÉDITO DIRETO S.A.;45745537;
534;EWALLY IP S.A.;EWALLY INSTITUIÇÃO DE PAGAMENTO S.A.;00714671;
535;MARU SCD S.A.;MARÚ SOCIEDADE DE CRÉDITO DIRETO S.A.;39519944;
536;NEON PAGAMENTOS S.A. IP;NEON PAGAMENTOS S.A. - INSTITUIÇÃO DE PAGAMENTO;20855875;
537;MICROCASH SCMEPP LTDA.;MICROCASH SOCIEDADE DE CRÉDITO AO MICROEMPREENDEDOR E À EMPRESA DE PEQUENO PORTE;45756448;
539;SANTINVEST S.A. - CFI;SANTINVEST S.A. - CREDITO, FINANCIAMENTO E INVESTIMENTOS;00122327;
541;FDO GARANTIDOR CRÉDITOS;FUNDO GARANTIDOR DE CREDITOS - FGC;00954288;
546;U4C INSTITUIÇÃO DE PAGAMENTO S.A.;U4C INSTITUIÇÃO DE PAGAMENTO S.A.;30980539;
